Open,Low,High,Adj Close,Volume
5072924.0,5072924.0,5072924.0,5072924.0,0.0
5069009.0,5069009.0,5069009.0,5069009.0,0.0
5067062.5,5067062.5,5067062.5,5067062.5,0.0
5067138.5,5067138.5,5067138.5,5067138.5,0.0
5069534.0,5069534.0,5069534.0,5069534.0,0.0
5067942.0,5067942.0,5067942.0,5067942.0,0.0
5068144.5,5068144.5,5068144.5,5068144.5,0.0
5066468.5,5066468.5,5066468.5,5066468.5,0.0
5066507.0,5066507.0,5066507.0,5066507.0,0.0
5066587.5,5066587.5,5066587.5,5066587.5,35913728.0
5066900.5,5066900.5,5066900.5,5066900.5,73138176.0
5067453.5,5067453.5,5067453.5,5067453.5,184025088.0
5067500.5,5067500.5,5067500.5,5067500.5,1222901760.0
5067694.5,5067694.5,5067694.5,5067694.5,0.0
5067877.5,5067877.5,5067877.5,5067877.5,596377600.0
5067614.0,5067614.0,5067614.0,5067614.0,0.0
5066964.5,5066964.5,5066964.5,5066964.5,0.0
5066334.0,5066334.0,5066334.0,5066334.0,0.0
5065693.0,5065693.0,5065693.0,5065693.0,857997312.0
5065953.0,5065953.0,5065953.0,5065953.0,0.0
5065641.5,5065641.5,5065641.5,5065641.5,0.0
5066296.0,5066296.0,5066296.0,5066296.0,0.0
5067405.0,5067405.0,5067405.0,5067405.0,78118912.0
5067032.0,5067032.0,5067032.0,5067032.0,0.0
5066644.0,5066644.0,5066644.0,5066644.0,1468006400.0
5065832.0,5065832.0,5065832.0,5065832.0,0.0
5064025.0,5064025.0,5064025.0,5064025.0,0.0
5063941.0,5063941.0,5063941.0,5063941.0,0.0
5064040.0,5064040.0,5064040.0,5064040.0,0.0
5063789.5,5063789.5,5063789.5,5063789.5,1113063424.0
5064824.5,5064824.5,5064824.5,5064824.5,568066048.0
5064358.0,5064358.0,5064358.0,5064358.0,196083712.0
5064385.5,5064385.5,5064385.5,5064385.5,0.0
5064810.0,5064810.0,5064810.0,5064810.0,189792256.0
5064477.0,5064477.0,5064477.0,5064477.0,0.0
5065149.5,5065149.5,5065149.5,5065149.5,0.0
5066825.5,5066825.5,5066825.5,5066825.5,213385216.0
5069352.5,5069352.5,5069352.5,5069352.5,1006895104.0
5070773.5,5070773.5,5070773.5,5070773.5,0.0
5072124.0,5072124.0,5072124.0,5072124.0,0.0
5072412.0,5072412.0,5072412.0,5072412.0,509870080.0
5073581.0,5073581.0,5073581.0,5073581.0,385613824.0
5074052.0,5074052.0,5074052.0,5074052.0,1038614528.0
5073164.0,5073164.0,5073164.0,5073164.0,0.0
5073574.5,5073574.5,5073574.5,5073574.5,1978138624.0
5073527.5,5073527.5,5073527.5,5073527.5,0.0
5073497.0,5073497.0,5073497.0,5073497.0,0.0
5074025.5,5074025.5,5074025.5,5074025.5,4686348288.0
5074143.0,5074143.0,5074143.0,5074143.0,1323302912.0
5074793.5,5074793.5,5074793.5,5074793.5,122945536.0
5075969.0,5075969.0,5075969.0,5075969.0,386400256.0
5076502.5,5076502.5,5076502.5,5076502.5,0.0
5076461.5,5076461.5,5076461.5,5076461.5,100925440.0
5077432.0,5077432.0,5077432.0,5077432.0,1073479680.0
5078095.0,5078095.0,5078095.0,5078095.0,0.0
5077967.5,5077967.5,5077967.5,5077967.5,256376832.0
5079745.0,5079745.0,5079745.0,5079745.0,1726480384.0
5080257.5,5080257.5,5080257.5,5080257.5,229376000.0
5081306.0,5081306.0,5081306.0,5081306.0,189267968.0
5084294.0,5084294.0,5084294.0,5084294.0,2510815232.0
5086412.0,5086412.0,5086412.0,5086412.0,1433403392.0
5086053.0,5086053.0,5086053.0,5086053.0,1921253376.0
5087703.0,5087703.0,5087703.0,5087703.0,3197632512.0
5088002.0,5088002.0,5088002.0,5088002.0,1433403392.0
5088172.0,5088172.0,5088172.0,5088172.0,0.0
5088496.0,5088496.0,5088496.0,5088496.0,0.0
5088259.5,5088259.5,5088259.5,5088259.5,0.0
5088738.0,5088738.0,5088738.0,5088738.0,55050240.0
5090805.0,5090805.0,5090805.0,5090805.0,0.0
5091879.5,5091879.5,5091879.5,5091879.5,462159872.0
5091722.5,5091722.5,5091722.5,5091722.5,520355840.0
5090184.5,5090184.5,5090184.5,5090184.5,446169088.0
5089203.0,5089203.0,5089203.0,5089203.0,2023751680.0
5091294.5,5091294.5,5091294.5,5091294.5,0.0
5096785.0,5096785.0,5096785.0,5096785.0,4775477248.0
5096260.5,5096260.5,5096260.5,5096260.5,0.0
5095515.0,5095515.0,5095515.0,5095515.0,272367616.0
5089625.5,5089625.5,5089625.5,5089625.5,4620812288.0
5088458.5,5088458.5,5088458.5,5088458.5,0.0
5089774.5,5089774.5,5089774.5,5089774.5,0.0
5093603.5,5093603.5,5093603.5,5093603.5,3719823360.0
5093515.0,5093515.0,5093515.0,5093515.0,0.0
5093733.5,5093733.5,5093733.5,5093733.5,158334976.0
5095047.0,5095047.0,5095047.0,5095047.0,612368384.0
5095179.5,5095179.5,5095179.5,5095179.5,40894464.0
5094549.0,5094549.0,5094549.0,5094549.0,0.0
5093129.0,5093129.0,5093129.0,5093129.0,0.0
5093298.0,5093298.0,5093298.0,5093298.0,0.0
5094588.5,5094588.5,5094588.5,5094588.5,36175872.0
5096335.5,5096335.5,5096335.5,5096335.5,0.0
5095765.5,5095765.5,5095765.5,5095765.5,0.0
5095043.5,5095043.5,5095043.5,5095043.5,0.0
5094410.5,5094410.5,5094410.5,5094410.5,0.0
5094545.0,5094545.0,5094545.0,5094545.0,59768832.0
5094731.0,5094731.0,5094731.0,5094731.0,0.0
5093948.0,5093948.0,5093948.0,5093948.0,1130364928.0
5093597.5,5093597.5,5093597.5,5093597.5,0.0
5093129.0,5093129.0,5093129.0,5093129.0,0.0
5092632.0,5092632.0,5092632.0,5092632.0,0.0
5091665.0,5091665.0,5091665.0,5091665.0,668729344.0
5091952.0,5091952.0,5091952.0,5091952.0,0.0
5089725.5,5089725.5,5089725.5,5089725.5,0.0
5089755.5,5089755.5,5089755.5,5089755.5,0.0
5089780.0,5089780.0,5089780.0,5089780.0,0.0
5090688.5,5090688.5,5090688.5,5090688.5,3303276544.0
5091066.0,5091066.0,5091066.0,5091066.0,0.0
5089435.0,5089435.0,5089435.0,5089435.0,0.0
5087584.0,5087584.0,5087584.0,5087584.0,0.0
5087426.0,5087426.0,5087426.0,5087426.0,0.0
5087315.0,5087315.0,5087315.0,5087315.0,0.0
5086982.0,5086982.0,5086982.0,5086982.0,80216064.0
5085773.5,5085773.5,5085773.5,5085773.5,0.0
5084713.0,5084713.0,5084713.0,5084713.0,441974784.0
5083446.5,5083446.5,5083446.5,5083446.5,0.0
5083728.5,5083728.5,5083728.5,5083728.5,0.0
5084065.0,5084065.0,5084065.0,5084065.0,0.0
5084288.5,5084288.5,5084288.5,5084288.5,0.0
5084254.0,5084254.0,5084254.0,5084254.0,0.0
5084824.0,5084824.0,5084824.0,5084824.0,3670016.0
5086232.0,5086232.0,5086232.0,5086232.0,5983698944.0
5085946.5,5085946.5,5085946.5,5085946.5,0.0
5086520.0,5086520.0,5086520.0,5086520.0,61603840.0
5086346.5,5086346.5,5086346.5,5086346.5,42991616.0
5086778.5,5086778.5,5086778.5,5086778.5,0.0
5087118.5,5087118.5,5087118.5,5087118.5,0.0
5087016.5,5087016.5,5087016.5,5087016.5,0.0
5086950.0,5086950.0,5086950.0,5086950.0,845414400.0
5087340.0,5087340.0,5087340.0,5087340.0,109838336.0
5087595.0,5087595.0,5087595.0,5087595.0,0.0
5087877.0,5087877.0,5087877.0,5087877.0,124256256.0
5088336.5,5088336.5,5088336.5,5088336.5,164888576.0
5090643.5,5090643.5,5090643.5,5090643.5,1078460416.0
5091421.0,5091421.0,5091421.0,5091421.0,880803840.0
5090950.5,5090950.5,5090950.5,5090950.5,0.0
5091479.5,5091479.5,5091479.5,5091479.5,5693767680.0
5091484.0,5091484.0,5091484.0,5091484.0,0.0
5091560.0,5091560.0,5091560.0,5091560.0,0.0
5091528.5,5091528.5,5091528.5,5091528.5,0.0
5091208.0,5091208.0,5091208.0,5091208.0,116916224.0
5090997.0,5090997.0,5090997.0,5090997.0,0.0
5087865.0,5087865.0,5087865.0,5087865.0,0.0
5086581.0,5086581.0,5086581.0,5086581.0,0.0
5084795.0,5084795.0,5084795.0,5084795.0,0.0
5077337.0,5077337.0,5077337.0,5077337.0,1222901760.0
5075207.0,5075207.0,5075207.0,5075207.0,0.0
5075147.0,5075147.0,5075147.0,5075147.0,593494016.0
5071177.0,5071177.0,5071177.0,5071177.0,2092957696.0
5071871.5,5071871.5,5071871.5,5071871.5,0.0
5071587.5,5071587.5,5071587.5,5071587.5,668467200.0
5073117.0,5073117.0,5073117.0,5073117.0,1836318720.0
5072569.5,5072569.5,5072569.5,5072569.5,966787072.0
5071835.0,5071835.0,5071835.0,5071835.0,0.0
5069442.0,5069442.0,5069442.0,5069442.0,6016729088.0
5069357.5,5069357.5,5069357.5,5069357.5,0.0
5070827.0,5070827.0,5070827.0,5070827.0,0.0
5072036.0,5072036.0,5072036.0,5072036.0,186384384.0
5073075.0,5073075.0,5073075.0,5073075.0,0.0
5073608.0,5073608.0,5073608.0,5073608.0,522977280.0
5075521.5,5075521.5,5075521.5,5075521.5,0.0
5075007.0,5075007.0,5075007.0,5075007.0,1648885760.0
5075414.0,5075414.0,5075414.0,5075414.0,0.0
5077095.0,5077095.0,5077095.0,5077095.0,464257024.0
5077202.0,5077202.0,5077202.0,5077202.0,48234496.0
5078020.0,5078020.0,5078020.0,5078020.0,72351744.0
5080041.0,5080041.0,5080041.0,5080041.0,269484032.0
5079740.0,5079740.0,5079740.0,5079740.0,0.0
5080617.5,5080617.5,5080617.5,5080617.5,67895296.0
5080825.5,5080825.5,5080825.5,5080825.5,5804392448.0
5080874.0,5080874.0,5080874.0,5080874.0,0.0
5077443.0,5077443.0,5077443.0,5077443.0,0.0
5076822.5,5076822.5,5076822.5,5076822.5,79167488.0
5077183.5,5077183.5,5077183.5,5077183.5,0.0
5077699.0,5077699.0,5077699.0,5077699.0,775946240.0
5081960.5,5081960.5,5081960.5,5081960.5,1070858240.0
5081913.0,5081913.0,5081913.0,5081913.0,2208825344.0
5084511.5,5084511.5,5084511.5,5084511.5,4749787136.0
5084504.0,5084504.0,5084504.0,5084504.0,0.0
5083319.0,5083319.0,5083319.0,5083319.0,0.0
5081823.5,5081823.5,5081823.5,5081823.5,1815871488.0
5082165.5,5082165.5,5082165.5,5082165.5,1999372288.0
5082296.5,5082296.5,5082296.5,5082296.5,169345024.0
5082295.0,5082295.0,5082295.0,5082295.0,0.0
5082178.5,5082178.5,5082178.5,5082178.5,0.0
5082209.5,5082209.5,5082209.5,5082209.5,0.0
5081600.5,5081600.5,5081600.5,5081600.5,0.0
5081539.5,5081539.5,5081539.5,5081539.5,0.0
5081571.5,5081571.5,5081571.5,5081571.5,0.0
5081289.0,5081289.0,5081289.0,5081289.0,0.0
5081201.0,5081201.0,5081201.0,5081201.0,0.0
5080419.0,5080419.0,5080419.0,5080419.0,0.0
5079680.0,5079680.0,5079680.0,5079680.0,0.0
5079252.5,5079252.5,5079252.5,5079252.5,0.0
5079509.5,5079509.5,5079509.5,5079509.5,0.0
5078625.0,5078625.0,5078625.0,5078625.0,0.0
5078447.5,5078447.5,5078447.5,5078447.5,0.0
5077369.5,5077369.5,5077369.5,5077369.5,0.0
5076788.5,5076788.5,5076788.5,5076788.5,0.0
5076158.5,5076158.5,5076158.5,5076158.5,0.0
5076159.0,5076159.0,5076159.0,5076159.0,41156608.0
5075346.0,5075346.0,5075346.0,5075346.0,1137967104.0
5075441.0,5075441.0,5075441.0,5075441.0,42205184.0
5075746.0,5075746.0,5075746.0,5075746.0,8650752.0
5075671.0,5075671.0,5075671.0,5075671.0,0.0
5076294.5,5076294.5,5076294.5,5076294.5,5343805440.0
5076017.5,5076017.5,5076017.5,5076017.5,206307328.0
5075666.0,5075666.0,5075666.0,5075666.0,0.0
5075336.5,5075336.5,5075336.5,5075336.5,65798144.0
5076510.0,5076510.0,5076510.0,5076510.0,190840832.0
5077865.0,5077865.0,5077865.0,5077865.0,1758724096.0
5078103.0,5078103.0,5078103.0,5078103.0,946077696.0
5077732.0,5075984.5,5077732.0,5075984.5,0.0
5074357.5,5074357.5,5074357.5,5074357.5,0.0
5074050.0,5074050.0,5074050.0,5074050.0,0.0
5070323.5,5070323.5,5070323.5,5070323.5,0.0
5070423.0,5070423.0,5070423.0,5070423.0,0.0
5070302.5,5070302.5,5070302.5,5070302.5,0.0
5070121.5,5070121.5,5070121.5,5070121.5,4737990656.0
5071547.0,5071547.0,5071547.0,5071547.0,337903616.0
5071437.0,5071437.0,5071437.0,5071437.0,0.0
5066761.0,5066761.0,5066761.0,5066761.0,4293132288.0
5065718.0,5065718.0,5065718.0,5065718.0,1638400000.0
5059210.5,5059210.5,5059210.5,5059210.5,4715446272.0
5059174.0,5059174.0,5059174.0,5059174.0,0.0
5058550.5,5058550.5,5058550.5,5058550.5,156237824.0
5058247.5,5058247.5,5058247.5,5058247.5,0.0
5056799.0,5056799.0,5056799.0,5056799.0,0.0
5058623.0,5058623.0,5058623.0,5058623.0,428343296.0
5057960.5,5057960.5,5057960.5,5057960.5,1395130368.0
5059163.0,5059163.0,5059163.0,5059163.0,80216064.0
5059309.0,5059309.0,5059309.0,5059309.0,761266176.0
5060053.5,5060053.5,5060053.5,5060053.5,19136512.0
5058128.0,5058128.0,5058128.0,5058128.0,0.0
5056345.5,5056345.5,5056345.5,5056345.5,0.0
5049143.0,5049143.0,5049143.0,5049143.0,0.0
5043832.0,5043832.0,5043832.0,5043832.0,0.0
5043756.5,5043756.5,5043756.5,5043756.5,0.0
5036881.5,5036881.5,5036881.5,5036881.5,5972951040.0
5035085.0,5035085.0,5035085.0,5035085.0,0.0
5032569.5,5032569.5,5032569.5,5032569.5,0.0
5033054.0,5033054.0,5033054.0,5033054.0,216793088.0
5024486.0,5024486.0,5024486.0,5024486.0,7556562944.0
5026489.0,5026489.0,5026489.0,5026489.0,900464640.0
5021868.5,5021868.5,5021868.5,5021868.5,0.0
5006701.5,5006701.5,5006701.5,5006701.5,10640687104.0
5009282.5,5009282.5,5009282.5,5009282.5,1170210816.0
5008659.5,5008659.5,5008659.5,5008659.5,857735168.0
5004688.0,5004688.0,5004688.0,5004688.0,1659371520.0
5007476.5,5007476.5,5007476.5,5007476.5,3183476736.0
5009021.0,5009021.0,5009021.0,5009021.0,2455502848.0
5011159.0,5011159.0,5011159.0,5011159.0,6953369600.0
5012461.0,5012461.0,5012461.0,5012461.0,594018304.0
5013344.5,5013344.5,5013344.5,5013344.5,686292992.0
5015359.5,5015359.5,5015359.5,5015359.5,4757913600.0
5018321.5,5018321.5,5018321.5,5018321.5,705429504.0
5018258.0,5018258.0,5018258.0,5018258.0,1659633664.0
5021296.5,5021296.5,5021296.5,5021296.5,5795479552.0
5020643.5,5020643.5,5020643.5,5020643.5,478674944.0
5023533.0,5023533.0,5023533.0,5023533.0,0.0
5027039.5,5027039.5,5027039.5,5027039.5,3370385408.0
5025001.5,5025001.5,5025001.5,5025001.5,0.0
5025327.0,5025327.0,5025327.0,5025327.0,0.0
5023021.5,5023021.5,5023021.5,5023021.5,0.0
5020916.5,5020916.5,5020916.5,5020916.5,526647296.0
5021791.5,5021791.5,5021791.5,5021791.5,0.0
5024327.0,5024327.0,5024327.0,5024327.0,465043456.0
5023434.5,5023434.5,5023434.5,5023434.5,0.0
5021673.0,5021673.0,5021673.0,5021673.0,0.0
5020372.5,5020372.5,5020372.5,5020372.5,0.0
5020060.0,5020060.0,5020060.0,5020060.0,0.0
5020422.0,5020422.0,5020422.0,5020422.0,0.0
5023363.5,5023363.5,5023363.5,5023363.5,475529216.0
5022887.0,5022887.0,5022887.0,5022887.0,0.0
5025048.5,5025048.5,5025048.5,5025048.5,0.0
5031926.5,5031926.5,5031926.5,5031926.5,2749366272.0
5033635.0,5033635.0,5033635.0,5033635.0,3739746304.0
5034401.5,5034401.5,5034401.5,5034401.5,2857107456.0
5033378.5,5033378.5,5033378.5,5033378.5,0.0
5033843.5,5033843.5,5033843.5,5033843.5,47185920.0
5029995.5,5029995.5,5029995.5,5029995.5,0.0
5030513.5,5030513.5,5030513.5,5030513.5,1015021568.0
5030830.0,5030830.0,5030830.0,5030830.0,0.0
5030896.0,5030896.0,5030896.0,5030896.0,0.0
5030271.5,5030271.5,5030271.5,5030271.5,455868416.0
5030061.0,5030061.0,5030061.0,5030061.0,0.0
5027252.0,5027252.0,5027252.0,5027252.0,0.0
5028302.5,5028302.5,5028302.5,5028302.5,0.0
5027601.0,5027601.0,5027601.0,5027601.0,0.0
5030241.0,5030241.0,5030241.0,5030241.0,74973184.0
5031385.0,5031385.0,5031385.0,5031385.0,373293056.0
5031054.0,5031054.0,5031054.0,5031054.0,1213202432.0
5032103.0,5032103.0,5032103.0,5032103.0,9319743488.0
5031361.0,5031361.0,5031361.0,5031361.0,508035072.0
5031769.0,5031769.0,5031769.0,5031769.0,18350080.0
5030196.0,5030196.0,5030196.0,5030196.0,0.0
5028190.5,5028190.5,5028190.5,5028190.5,0.0
5028357.5,5028357.5,5028357.5,5028357.5,0.0
5026980.5,5026980.5,5026980.5,5026980.5,996409344.0
5027536.0,5027536.0,5027536.0,5027536.0,554696704.0
5026554.5,5026554.5,5026554.5,5026554.5,0.0
5023996.5,5023996.5,5023996.5,5023996.5,0.0
5024621.0,5024621.0,5024621.0,5024621.0,285736960.0
5022743.5,5022743.5,5022743.5,5022743.5,0.0
5019995.0,5019995.0,5019995.0,5019995.0,0.0
5021623.0,5021623.0,5021623.0,5021623.0,139722752.0
5025421.0,5025421.0,5025421.0,5025421.0,2275934208.0
5028115.5,5028115.5,5028115.5,5028115.5,0.0
5029088.5,5029088.5,5029088.5,5029088.5,0.0
5029615.5,5029615.5,5029615.5,5029615.5,492568576.0
5033111.5,5033111.5,5033111.5,5033111.5,10042474496.0
5033056.0,5033056.0,5033056.0,5033056.0,401604608.0
5031957.5,5031957.5,5031957.5,5031957.5,0.0
5032910.5,5032910.5,5032910.5,5032910.5,907804672.0
5033460.0,5033460.0,5033460.0,5033460.0,252182528.0
5032727.5,5032727.5,5032727.5,5032727.5,0.0
5031754.0,5031754.0,5031754.0,5031754.0,0.0
5033305.5,5033305.5,5033305.5,5033305.5,452198400.0
5034350.0,5034350.0,5034350.0,5034350.0,219676672.0
5035597.5,5035597.5,5035597.5,5035597.5,290193408.0
5034661.5,5034661.5,5034661.5,5034661.5,0.0
5033804.0,5033804.0,5033804.0,5033804.0,0.0
5031770.5,5031770.5,5031770.5,5031770.5,4206886912.0
5031579.5,5031579.5,5031579.5,5031579.5,14417920.0
5031667.5,5031667.5,5031667.5,5031667.5,0.0
5031745.0,5031745.0,5031745.0,5031745.0,703070208.0
5031510.5,5031510.5,5031510.5,5031510.5,0.0
5031860.0,5031860.0,5031860.0,5031860.0,69468160.0
5032204.0,5032204.0,5032204.0,5032204.0,0.0
5031778.0,5031778.0,5031778.0,5031778.0,1924136960.0
5031691.5,5031691.5,5031691.5,5031691.5,0.0
5032574.5,5032574.5,5032574.5,5032574.5,938475520.0
5032457.5,5032457.5,5032457.5,5032457.5,0.0
5032139.5,5032139.5,5032139.5,5032139.5,0.0
5031982.0,5031982.0,5031982.0,5031982.0,5337513984.0
5032910.5,5032910.5,5032910.5,5032910.5,594804736.0
5033169.5,5033169.5,5033169.5,5033169.5,0.0
5035180.0,5035180.0,5035180.0,5035180.0,0.0
5035093.0,5035093.0,5035093.0,5035093.0,0.0
5033068.5,5033068.5,5033068.5,5033068.5,0.0
5030046.5,5030046.5,5030046.5,5030046.5,1003749376.0
5030186.5,5030186.5,5030186.5,5030186.5,0.0
5029842.5,5029842.5,5029842.5,5029842.5,0.0
5029398.0,5029398.0,5029398.0,5029398.0,419692544.0
5030111.5,5030111.5,5030111.5,5030111.5,521928704.0
5029487.5,5029487.5,5029487.5,5029487.5,0.0
5029023.5,5029023.5,5029023.5,5029023.5,4286578688.0
5026730.5,5026730.5,5026730.5,5026730.5,0.0
5026362.0,5026362.0,5026362.0,5026362.0,0.0
5024479.0,5024479.0,5024479.0,5024479.0,0.0
5025133.0,5025133.0,5025133.0,5025133.0,300679168.0
5024839.5,5024839.5,5024839.5,5024839.5,0.0
5024816.0,5024816.0,5024816.0,5024816.0,0.0
5024652.0,5024652.0,5024652.0,5024652.0,0.0
5024355.0,5024355.0,5024355.0,5024355.0,0.0
5024225.0,5024225.0,5024225.0,5024225.0,0.0
5025036.5,5025036.5,5025036.5,5025036.5,251133952.0
5025486.5,5025486.5,5025486.5,5025486.5,0.0
5027911.0,5027911.0,5027911.0,5027911.0,1009254400.0
5028185.5,5028185.5,5028185.5,5028185.5,0.0
5027040.0,5027040.0,5027040.0,5027040.0,38535168.0
5025566.5,5025566.5,5025566.5,5025566.5,0.0
5026134.5,5026134.5,5026134.5,5026134.5,4666163200.0
5026799.5,5026799.5,5026799.5,5026799.5,0.0
5030506.0,5030506.0,5030506.0,5030506.0,644349952.0
5029876.0,5029876.0,5029876.0,5029876.0,343146496.0
5029787.0,5029787.0,5029787.0,5029787.0,466092032.0
5029614.5,5029614.5,5029614.5,5029614.5,387710976.0
5029839.5,5029839.5,5029839.5,5029839.5,832569344.0
5029228.5,5029228.5,5029228.5,5029228.5,0.0
5028143.5,5028143.5,5028143.5,5028143.5,135266304.0
5027951.0,5027951.0,5027951.0,5027951.0,0.0
5026291.5,5026291.5,5026291.5,5026291.5,0.0
5024530.5,5024530.5,5024530.5,5024530.5,0.0
5025011.5,5025011.5,5025011.5,5025011.5,0.0
5026027.0,5026027.0,5026027.0,5026027.0,352845824.0
5026054.5,5026054.5,5026054.5,5026054.5,0.0
5026125.0,5026125.0,5026125.0,5026125.0,0.0
5027281.0,5027281.0,5027281.0,5027281.0,710934528.0
5029095.0,5029095.0,5029095.0,5029095.0,788004864.0
5029909.5,5029909.5,5029909.5,5029909.5,115605504.0
5030559.5,5030559.5,5030559.5,5030559.5,0.0
5032933.5,5032933.5,5032933.5,5032933.5,4691329024.0
5033803.5,5033803.5,5033803.5,5033803.5,0.0
5033730.0,5033730.0,5033730.0,5033730.0,415236096.0
5034258.5,5034258.5,5034258.5,5034258.5,678952960.0
5034535.5,5034535.5,5034535.5,5034535.5,207355904.0
5035160.0,5035160.0,5035160.0,5035160.0,180355072.0
5035632.0,5035632.0,5035632.0,5035632.0,301465600.0
5040262.5,5040262.5,5040262.5,5040262.5,3079667712.0
5039453.5,5039453.5,5039453.5,5039453.5,0.0
5046942.5,5046942.5,5046942.5,5046942.5,0.0
5045369.5,5045369.5,5045369.5,5045369.5,741867520.0
5045688.0,5045688.0,5045688.0,5045688.0,1432092672.0
5046332.5,5046332.5,5046332.5,5046332.5,2556166144.0
5046441.5,5046441.5,5046441.5,5046441.5,590086144.0
5045855.5,5045855.5,5045855.5,5045855.5,28049408.0
5047732.0,5047732.0,5047732.0,5047732.0,5464915968.0
5048044.0,5048044.0,5048044.0,5048044.0,1204813824.0
5047398.5,5047398.5,5047398.5,5047398.5,0.0
5050623.0,5050623.0,5050623.0,5050623.0,1948778496.0
5050068.5,5050068.5,5050068.5,5050068.5,0.0
5052020.5,5052020.5,5052020.5,5052020.5,0.0
5055005.0,5055005.0,5055005.0,5055005.0,0.0
5054905.0,5054905.0,5054905.0,5054905.0,1495531520.0
5055112.5,5055112.5,5055112.5,5055112.5,1080819712.0
5055383.0,5055383.0,5055383.0,5055383.0,2905341952.0
5055901.0,5055901.0,5055901.0,5055901.0,300417024.0
5056114.0,5056114.0,5056114.0,5056114.0,17825792.0
5055940.5,5055940.5,5055940.5,5055940.5,1063518208.0
5056949.0,5056949.0,5056949.0,5056949.0,1220280320.0
5057782.5,5057782.5,5057782.5,5057782.5,0.0
5058034.5,5058034.5,5058034.5,5058034.5,2230583296.0
5057974.5,5057974.5,5057974.5,5057974.5,0.0
5056720.0,5056720.0,5056720.0,5056720.0,0.0
5056215.5,5056215.5,5056215.5,5056215.5,4272160768.0
5056579.0,5056579.0,5056579.0,5056579.0,0.0
5054812.5,5054812.5,5054812.5,5054812.5,0.0
5055130.5,5055130.5,5055130.5,5055130.5,0.0
5055402.0,5055402.0,5055402.0,5055402.0,543948800.0
5056339.0,5056339.0,5056339.0,5056339.0,0.0
5057634.5,5057634.5,5057634.5,5057634.5,0.0
5056668.5,5056668.5,5056668.5,5056668.5,0.0
5055501.0,5055501.0,5055501.0,5055501.0,543424512.0
5054609.0,5054609.0,5054609.0,5054609.0,0.0
5052672.5,5052672.5,5052672.5,5052672.5,0.0
5052014.5,5052014.5,5052014.5,5052014.5,0.0
5051158.0,5051158.0,5051158.0,5051158.0,0.0
5048520.5,5048520.5,5048520.5,5048520.5,0.0
5049171.5,5049171.5,5049171.5,5049171.5,0.0
5049464.5,5049464.5,5049464.5,5049464.5,751042560.0
5052987.5,5052987.5,5052987.5,5052987.5,1036517376.0
5052346.0,5052346.0,5052346.0,5052346.0,52166656.0
5052929.0,5052929.0,5052929.0,5052929.0,0.0
5051676.5,5051676.5,5051676.5,5051676.5,3656908800.0
5051548.5,5051548.5,5051548.5,5051548.5,25165824.0
5051472.0,5051472.0,5051472.0,5051472.0,0.0
5050154.0,5050154.0,5050154.0,5050154.0,85458944.0
5048980.5,5048980.5,5048980.5,5048980.5,0.0
5049386.0,5049386.0,5049386.0,5049386.0,0.0
5046266.5,5046266.5,5046266.5,5046266.5,0.0
5047311.5,5047311.5,5047311.5,5047311.5,0.0
5047573.5,5047573.5,5047573.5,5047573.5,189792256.0
5048335.5,5048335.5,5048335.5,5048335.5,1908932608.0
5048467.0,5048467.0,5048467.0,5048467.0,60817408.0
5047704.5,5047704.5,5047704.5,5047704.5,0.0
5046564.5,5046564.5,5046564.5,5046564.5,0.0
5045413.5,5045413.5,5045413.5,5045413.5,0.0
5046321.5,5046321.5,5046321.5,5046321.5,0.0
5045220.0,5045220.0,5045220.0,5045220.0,158859264.0
5045613.5,5045613.5,5045613.5,5045613.5,487849984.0
5045793.5,5045793.5,5045793.5,5045793.5,0.0
5047111.5,5047111.5,5047111.5,5047111.5,0.0
5048171.0,5048171.0,5048171.0,5048171.0,2179465216.0
5048546.0,5048546.0,5048546.0,5048546.0,460324864.0
5050200.5,5050200.5,5050200.5,5050200.5,603193344.0
5049938.0,5049938.0,5049938.0,5049938.0,0.0
5049292.0,5049292.0,5049292.0,5049292.0,0.0
5046958.0,5046958.0,5046958.0,5046958.0,0.0
5046774.0,5046774.0,5046774.0,5046774.0,0.0
5048902.0,5048902.0,5048902.0,5048902.0,113246208.0
5050421.5,5050421.5,5050421.5,5050421.5,3634364416.0
5051163.0,5051163.0,5051163.0,5051163.0,380633088.0
5051600.5,5051600.5,5051600.5,5051600.5,430964736.0
5054602.5,5054602.5,5054602.5,5054602.5,1282408448.0
5055285.0,5055285.0,5055285.0,5055285.0,4919918592.0
5056291.5,5056291.5,5056291.5,5056291.5,55574528.0
5062296.5,5062296.5,5062296.5,5062296.5,2748579840.0
5061139.0,5061139.0,5061139.0,5061139.0,656408576.0
5061730.5,5061730.5,5061730.5,5061730.5,704643072.0
5061816.0,5061816.0,5061816.0,5061816.0,1731985408.0
5062053.5,5062053.5,5062053.5,5062053.5,1351614464.0
5060477.5,5060477.5,5060477.5,5060477.5,0.0
5060273.5,5060273.5,5060273.5,5060273.5,454819840.0
5060433.0,5060433.0,5060433.0,5060433.0,0.0
5061534.0,5061534.0,5061534.0,5061534.0,229638144.0
5063029.0,5063029.0,5063029.0,5063029.0,0.0
5063596.0,5063596.0,5063596.0,5063596.0,0.0
5062736.0,5062736.0,5062736.0,5062736.0,0.0
5064188.5,5064188.5,5064188.5,5064188.5,0.0
5065435.0,5065435.0,5065435.0,5065435.0,573308928.0
5065547.0,5065547.0,5065547.0,5065547.0,0.0
5066680.0,5066680.0,5066680.0,5066680.0,0.0
5066773.0,5066773.0,5066773.0,5066773.0,0.0
5067914.0,5067914.0,5067914.0,5067914.0,0.0
5064532.0,5064532.0,5064532.0,5064532.0,0.0
5065459.5,5065459.5,5065459.5,5065459.5,4647288832.0
5065340.5,5065340.5,5065340.5,5065340.5,478937088.0
5067099.5,5067099.5,5067099.5,5067099.5,638320640.0
5068759.5,5068759.5,5068759.5,5068759.5,138674176.0
5068209.5,5068209.5,5068209.5,5068209.5,2128084992.0
5067580.0,5067580.0,5067580.0,5067580.0,1882718208.0
5067880.0,5067880.0,5067880.0,5067880.0,570425344.0
5067077.0,5067077.0,5067077.0,5067077.0,621543424.0
5065912.5,5065912.5,5065912.5,5065912.5,0.0
5066664.5,5066664.5,5066664.5,5066664.5,1299447808.0
5062725.5,5062725.5,5062725.5,5062725.5,0.0
5060519.5,5060519.5,5060519.5,5060519.5,0.0
5061168.0,5061168.0,5061168.0,5061168.0,0.0
5059083.0,5059083.0,5059083.0,5059083.0,0.0
5060095.5,5060095.5,5060095.5,5060095.5,0.0
5058966.0,5058966.0,5058966.0,5058966.0,0.0
5056719.0,5056719.0,5056719.0,5056719.0,0.0
5053702.0,5053702.0,5053702.0,5053702.0,0.0
5050023.5,5050023.5,5050023.5,5050023.5,0.0
5046736.0,5046736.0,5046736.0,5046736.0,0.0
5044191.0,5044191.0,5044191.0,5044191.0,0.0
5043314.5,5043314.5,5043314.5,5043314.5,24641536.0
5040244.0,5040244.0,5040244.0,5040244.0,0.0
5028070.0,5028070.0,5028070.0,5028070.0,0.0
5026488.0,5026488.0,5026488.0,5026488.0,3203399680.0
5026683.0,5026683.0,5026683.0,5026683.0,1260388352.0
5013681.5,5013681.5,5013681.5,5013681.5,6694633472.0
5010972.0,5010972.0,5010972.0,5010972.0,0.0
5005585.5,5005585.5,5005585.5,5005585.5,7418150912.0
5005600.0,5005600.0,5005600.0,5005600.0,6815744.0
5005578.0,5005578.0,5005578.0,5005578.0,7343439872.0
5006276.5,5006276.5,5006276.5,5006276.5,596901888.0
5002905.5,5002905.5,5002905.5,5002905.5,6884950016.0
5002699.0,5002699.0,5002699.0,5002699.0,3634364416.0
5002149.5,5002149.5,5002149.5,5002149.5,1985478656.0
5004574.0,5004574.0,5004574.0,5004574.0,1390149632.0
5005162.5,5005162.5,5005162.5,5005162.5,1221591040.0
5005006.5,5005006.5,5005006.5,5005006.5,1191706624.0
5006675.0,5006675.0,5006675.0,5006675.0,5714477056.0
5006548.0,5006548.0,5006548.0,5006548.0,4571791360.0
5004037.5,5004037.5,5004037.5,5004037.5,271319040.0
4999521.5,4999521.5,4999521.5,4999521.5,611581952.0
5000882.5,5000882.5,5000882.5,5000882.5,1229193216.0
5001560.5,5001560.5,5001560.5,5001560.5,322699264.0
5003532.5,5003532.5,5003532.5,5003532.5,2607022080.0
5003399.0,5003399.0,5003399.0,5003399.0,844627968.0
5003054.0,5003054.0,5003054.0,5003054.0,396361728.0
5002815.0,5002815.0,5002815.0,5002815.0,1239154688.0
5002068.0,5002068.0,5002068.0,5002068.0,0.0
5002116.0,5002116.0,5002116.0,5002116.0,393478144.0
5000180.5,5000180.5,5000180.5,5000180.5,4765777920.0
5001146.0,5001146.0,5001146.0,5001146.0,1813250048.0
5001484.5,5001484.5,5001484.5,5001484.5,931921920.0
5002881.5,5002881.5,5002881.5,5002881.5,0.0
5005299.5,5005299.5,5005299.5,5005299.5,639107072.0
5005062.5,5005062.5,5005062.5,5005062.5,0.0
5005621.0,5005621.0,5005621.0,5005621.0,1963720704.0
5004051.5,5004051.5,5004051.5,5004051.5,0.0
5001991.0,5001991.0,5001991.0,5001991.0,0.0
5000434.0,5000434.0,5000434.0,5000434.0,169607168.0
5000224.5,5000224.5,5000224.5,5000224.5,1350828032.0
4998111.0,4998111.0,4998111.0,4998111.0,0.0
4995535.5,4995535.5,4995535.5,4995535.5,697040896.0
4995542.0,4995542.0,4995542.0,4995542.0,92012544.0
4993565.5,4993565.5,4993565.5,4993565.5,4095737856.0
4993598.5,4993598.5,4993598.5,4993598.5,0.0
4992884.0,4992884.0,4992884.0,4992884.0,0.0
4994557.0,4994557.0,4994557.0,4994557.0,1136918528.0
4995284.0,4995284.0,4995284.0,4995284.0,1202978816.0
4995206.0,4995206.0,4995206.0,4995206.0,0.0
4995863.5,4995863.5,4995863.5,4995863.5,645398528.0
4996357.0,4996357.0,4996357.0,4996357.0,0.0
4987669.0,4987669.0,4987669.0,4987669.0,43515904.0
4965714.5,4965714.5,4965714.5,4965714.5,21007958016.0
4965921.5,4965921.5,4965921.5,4965921.5,100663296.0
4967987.5,4967987.5,4967987.5,4967987.5,4315938816.0
4968178.5,4968178.5,4968178.5,4968178.5,10495459328.0
4969227.5,4969227.5,4969227.5,4969227.5,0.0
4968722.0,4968722.0,4968722.0,4968722.0,1374158848.0
4966655.0,4966655.0,4966655.0,4966655.0,6087507968.0
4967087.0,4967087.0,4967087.0,4967087.0,2424045568.0
4969135.5,4969135.5,4969135.5,4969135.5,959709184.0
4975684.5,4975684.5,4975684.5,4975684.5,3074424832.0
4977987.0,4977987.0,4977987.0,4977987.0,1850736640.0
4978516.5,4978516.5,4978516.5,4978516.5,1675362304.0
4979776.5,4979776.5,4979776.5,4979776.5,3670540288.0
4981100.5,4981100.5,4981100.5,4981100.5,2782396416.0
4975667.5,4975667.5,4975667.5,4975667.5,6080954368.0
4975062.5,4975062.5,4975062.5,4975062.5,0.0
4975567.0,4975567.0,4975567.0,4975567.0,413925376.0
4974903.5,4974903.5,4974903.5,4974903.5,0.0
4971163.5,4971163.5,4971163.5,4971163.5,0.0
4971647.0,4971647.0,4971647.0,4971647.0,767819776.0
4972340.0,4972340.0,4972340.0,4972340.0,450363392.0
4979856.0,4979856.0,4979856.0,4979856.0,3857186816.0
4978542.0,4978542.0,4978542.0,4978542.0,0.0
4977668.5,4977668.5,4977668.5,4977668.5,0.0
4972859.5,4972859.5,4972859.5,4972859.5,0.0
4972758.5,4972758.5,4972758.5,4972758.5,4864868352.0
4972166.0,4972166.0,4972166.0,4972166.0,19136512.0
4974205.0,4974205.0,4974205.0,4974205.0,2052063232.0
4974463.0,4974463.0,4974463.0,4974463.0,0.0
4973479.0,4973479.0,4973479.0,4973479.0,882900992.0
4974856.0,4974856.0,4974856.0,4974856.0,757071872.0
4975629.0,4975629.0,4975629.0,4975629.0,1946681344.0
4976983.5,4976983.5,4976983.5,4976983.5,141557760.0
4979952.0,4979952.0,4979952.0,4979952.0,2484862976.0
4977629.5,4977629.5,4977629.5,4977629.5,0.0
4977324.5,4977324.5,4977324.5,4977324.5,0.0
4973327.0,4973327.0,4973327.0,4973327.0,187695104.0
4973054.0,4973054.0,4973054.0,4973054.0,892076032.0
4973903.5,4973903.5,4973903.5,4973903.5,0.0
4974161.0,4974161.0,4974161.0,4974161.0,3390308352.0
4974461.5,4974461.5,4974461.5,4974461.5,0.0
4973517.0,4973517.0,4973517.0,4973517.0,0.0
4972104.0,4972104.0,4972104.0,4972104.0,0.0
4977483.0,4977483.0,4977483.0,4977483.0,1271136256.0
4983359.0,4983359.0,4983359.0,4983359.0,68681728.0
4984416.0,4984416.0,4984416.0,4984416.0,1787297792.0
4984559.5,4984559.5,4984559.5,4984559.5,363593728.0
4986486.0,4986486.0,4986486.0,4986486.0,1849950208.0
4987281.5,4987281.5,4987281.5,4987281.5,1766064128.0
4987282.0,4987282.0,4987282.0,4987282.0,184811520.0
4988471.0,4988471.0,4988471.0,4988471.0,1876688896.0
4988481.0,4988481.0,4988481.0,4988481.0,0.0
4989734.0,4989734.0,4989734.0,4989734.0,367788032.0
4991290.5,4991290.5,4991290.5,4991290.5,2814902272.0
4990368.0,4990368.0,4990368.0,4990368.0,1793064960.0
4989878.0,4989878.0,4989878.0,4989878.0,0.0
4987274.5,4987274.5,4987274.5,4987274.5,1620574208.0
4987908.5,4987908.5,4987908.5,4987908.5,170917888.0
4988719.5,4988719.5,4988719.5,4988719.5,687079424.0
4988876.5,4988876.5,4988876.5,4988876.5,1557659648.0
4988042.0,4988042.0,4988042.0,4988042.0,0.0
4985592.0,4985592.0,4985592.0,4985592.0,0.0
4984657.5,4984657.5,4984657.5,4984657.5,0.0
4984937.0,4984937.0,4984937.0,4984937.0,0.0
4983594.5,4983594.5,4983594.5,4983594.5,0.0
4984353.0,4984353.0,4984353.0,4984353.0,0.0
4984433.0,4984433.0,4984433.0,4984433.0,281542656.0
4981923.5,4981923.5,4981923.5,4981923.5,0.0
4980055.0,4980055.0,4980055.0,4980055.0,1765539840.0
4980622.5,4980622.5,4980622.5,4980622.5,0.0
4980728.0,4980728.0,4980728.0,4980728.0,0.0
4980343.5,4980343.5,4980343.5,4980343.5,315883520.0
4978067.0,4978067.0,4978067.0,4978067.0,0.0
4978590.5,4978590.5,4978590.5,4978590.5,0.0
4976523.5,4976523.5,4976523.5,4976523.5,0.0
4975726.0,4975726.0,4975726.0,4975726.0,769916928.0
4975129.5,4975129.5,4975129.5,4975129.5,0.0
4972616.5,4972616.5,4972616.5,4972616.5,0.0
4972956.5,4972956.5,4972956.5,4972956.5,324796416.0
4974353.5,4974353.5,4974353.5,4974353.5,429391872.0
4976065.0,4976065.0,4976065.0,4976065.0,5023203328.0
4975531.5,4975531.5,4975531.5,4975531.5,0.0
4975194.0,4975194.0,4975194.0,4975194.0,0.0
4972911.5,4972911.5,4972911.5,4972911.5,0.0
4973427.0,4973427.0,4973427.0,4973427.0,308543488.0
4971891.0,4971891.0,4971891.0,4971891.0,0.0
4966932.0,4966932.0,4966932.0,4966932.0,1029701632.0
4966916.5,4966916.5,4966916.5,4966916.5,0.0
4966903.5,4966903.5,4966903.5,4966903.5,587202560.0
4966429.5,4966429.5,4966429.5,4966429.5,5517082624.0
4966645.0,4966645.0,4966645.0,4966645.0,193724416.0
4967164.0,4967164.0,4967164.0,4967164.0,0.0
4967595.5,4967595.5,4967595.5,4967595.5,1209794560.0
4966214.5,4966214.5,4966214.5,4966214.5,0.0
4964415.0,4964415.0,4964415.0,4964415.0,0.0
4959771.5,4959771.5,4959771.5,4959771.5,915406848.0
4955322.0,4955322.0,4955322.0,4955322.0,1194590208.0
4957962.5,4957962.5,4957962.5,4957962.5,171704320.0
4956258.0,4956258.0,4956258.0,4956258.0,4604559360.0
4955699.0,4955699.0,4955699.0,4955699.0,283115520.0
4957349.0,4957349.0,4957349.0,4957349.0,0.0
4958586.5,4958586.5,4958586.5,4958586.5,0.0
4960318.5,4960318.5,4960318.5,4960318.5,0.0
4960051.5,4960051.5,4960051.5,4960051.5,0.0
4961021.5,4961021.5,4961021.5,4961021.5,926679040.0
4960224.5,4960224.5,4960224.5,4960224.5,211025920.0
4958457.0,4958457.0,4958457.0,4958457.0,0.0
4953678.5,4953678.5,4953678.5,4953678.5,93061120.0
4955295.0,4955295.0,4955295.0,4955295.0,1273495552.0
4954999.5,4954999.5,4954999.5,4954999.5,849608704.0
4956419.0,4956419.0,4956419.0,4956419.0,0.0
4956766.0,4956766.0,4956766.0,4956766.0,0.0
4959699.0,4959699.0,4959699.0,4959699.0,700973056.0
4965485.5,4965485.5,4965485.5,4965485.5,4667998208.0
4965123.0,4965123.0,4965123.0,4965123.0,475004928.0
4964717.5,4964717.5,4964717.5,4964717.5,0.0
4965270.5,4965270.5,4965270.5,4965270.5,2571894784.0
4964974.0,4964974.0,4964974.0,4964974.0,1103626240.0
4965434.5,4965434.5,4965434.5,4965434.5,368312320.0
4966216.5,4966216.5,4966216.5,4966216.5,0.0
4966185.5,4966185.5,4966185.5,4966185.5,175112192.0
4966909.0,4966909.0,4966909.0,4966909.0,122159104.0
4969429.0,4969429.0,4969429.0,4969429.0,3155951616.0
4968563.0,4968563.0,4968563.0,4968563.0,0.0
4968620.0,4968620.0,4968620.0,4968620.0,0.0
4969206.5,4969206.5,4969206.5,4969206.5,5113380864.0
4969124.5,4969124.5,4969124.5,4969124.5,1394081792.0
4968675.5,4968675.5,4968675.5,4968675.5,0.0
4966678.0,4966678.0,4966678.0,4966678.0,0.0
4965957.0,4965957.0,4965957.0,4965957.0,0.0
4967424.5,4967424.5,4967424.5,4967424.5,0.0
4970034.0,4970034.0,4970034.0,4970034.0,4012113920.0
4969725.0,4969725.0,4969725.0,4969725.0,145752064.0
4969418.0,4969418.0,4969418.0,4969418.0,6194724864.0
4969472.0,4969472.0,4969472.0,4969472.0,27000832.0
4969160.5,4969160.5,4969160.5,4969160.5,123994112.0
4969227.0,4969227.0,4969227.0,4969227.0,15466496.0
4965239.5,4965239.5,4965239.5,4965239.5,0.0
4962785.5,4962785.5,4962785.5,4962785.5,0.0
4962646.5,4962646.5,4962646.5,4962646.5,698089472.0
4960670.5,4960670.5,4960670.5,4960670.5,0.0
4961239.0,4961239.0,4961239.0,4961239.0,2975858688.0
4960725.5,4960725.5,4960725.5,4960725.5,0.0
4962036.0,4962036.0,4962036.0,4962036.0,1255407616.0
4962030.0,4962030.0,4962030.0,4962030.0,0.0
4963104.0,4963104.0,4963104.0,4963104.0,258473984.0
4964101.0,4964101.0,4964101.0,4964101.0,1369702400.0
4965357.5,4965357.5,4965357.5,4965357.5,501481472.0
4965820.5,4965820.5,4965820.5,4965820.5,137363456.0
4966226.0,4966226.0,4966226.0,4966226.0,5175246848.0
4965849.5,4965849.5,4965849.5,4965849.5,172490752.0
4964039.0,4964039.0,4964039.0,4964039.0,0.0
4962179.0,4962179.0,4962179.0,4962179.0,0.0
4961622.5,4961622.5,4961622.5,4961622.5,904658944.0
4963558.5,4963558.5,4963558.5,4963558.5,347340800.0
4968116.0,4968116.0,4968116.0,4968116.0,0.0
4969542.5,4969542.5,4969542.5,4969542.5,462159872.0
4970225.5,4970225.5,4970225.5,4970225.5,0.0
4970268.5,4970268.5,4970268.5,4970268.5,21757952.0
4971656.5,4971656.5,4971656.5,4971656.5,1022099456.0
4973980.0,4973980.0,4973980.0,4973980.0,0.0
4980231.5,4980231.5,4980231.5,4980231.5,6864764928.0
4981690.5,4981690.5,4981690.5,4981690.5,428081152.0
4982125.0,4982125.0,4982125.0,4982125.0,1404043264.0
4985349.5,4985349.5,4985349.5,4985349.5,6657933312.0
4984393.5,4984393.5,4984393.5,4984393.5,124518400.0
4985734.5,4985734.5,4985734.5,4985734.5,544473088.0
4985717.0,4985717.0,4985717.0,4985717.0,3976986624.0
4985850.5,4985850.5,4985850.5,4985850.5,67895296.0
4985755.0,4985755.0,4985755.0,4985755.0,147062784.0
4983723.5,4983723.5,4983723.5,4983723.5,4251713536.0
4983491.5,4983491.5,4983491.5,4983491.5,9437184.0
4983075.5,4983075.5,4983075.5,4983075.5,0.0
4982620.5,4982620.5,4982620.5,4982620.5,329515008.0
4981888.5,4981888.5,4981888.5,4981888.5,0.0
4981444.5,4981444.5,4981444.5,4981444.5,0.0
4981464.5,4981464.5,4981464.5,4981464.5,189530112.0
4981598.0,4981598.0,4981598.0,4981598.0,0.0
4983217.5,4983217.5,4983217.5,4983217.5,0.0
4981954.0,4981954.0,4981954.0,4981954.0,1487405056.0
4981778.0,4981778.0,4981778.0,4981778.0,1357119488.0
4982098.5,4982098.5,4982098.5,4982098.5,68681728.0
4982412.0,4982412.0,4982412.0,4982412.0,638058496.0
4981767.5,4981767.5,4981767.5,4981767.5,509083648.0
4981662.5,4981662.5,4981662.5,4981662.5,0.0
4983016.0,4983016.0,4983016.0,4983016.0,578551808.0
4984063.5,4984063.5,4984063.5,4984063.5,0.0
4983460.0,4983460.0,4983460.0,4983460.0,162004992.0
4982699.0,4982699.0,4982699.0,4982699.0,0.0
4981496.5,4981496.5,4981496.5,4981496.5,586678272.0
4980946.0,4980946.0,4980946.0,4980946.0,0.0
4978365.5,4978365.5,4978365.5,4978365.5,0.0
4978509.5,4978509.5,4978509.5,4978509.5,0.0
4977861.5,4977861.5,4977861.5,4977861.5,0.0
4977611.5,4977611.5,4977611.5,4977611.5,0.0
4977321.0,4977321.0,4977321.0,4977321.0,0.0
4977028.5,4977028.5,4977028.5,4977028.5,0.0
4975045.5,4975045.5,4975045.5,4975045.5,816840704.0
4975013.5,4975013.5,4975013.5,4975013.5,0.0
4975856.0,4975856.0,4975856.0,4975856.0,478937088.0
4976982.0,4976982.0,4976982.0,4976982.0,370933760.0
4977149.0,4977149.0,4977149.0,4977149.0,0.0
4977921.5,4977921.5,4977921.5,4977921.5,26476544.0
4980293.5,4980293.5,4980293.5,4980293.5,574357504.0
4981773.0,4981773.0,4981773.0,4981773.0,1772355584.0
4981410.0,4981410.0,4981410.0,4981410.0,0.0
4980998.5,4980998.5,4980998.5,4980998.5,0.0
4980620.0,4980620.0,4980620.0,4980620.0,0.0
4978858.5,4978858.5,4978858.5,4978858.5,0.0
4976924.5,4976924.5,4976924.5,4976924.5,2702704640.0
4977589.5,4977589.5,4977589.5,4977589.5,1967128576.0
4977853.0,4977853.0,4977853.0,4977853.0,325320704.0
4972117.5,4972117.5,4972117.5,4972117.5,0.0
4970105.5,4970105.5,4970105.5,4970105.5,0.0
4969905.0,4969905.0,4969905.0,4969905.0,0.0
4971201.5,4971201.5,4971201.5,4971201.5,1009254400.0
4971343.5,4971343.5,4971343.5,4971343.5,405012480.0
4973835.5,4973835.5,4973835.5,4973835.5,0.0
4975342.0,4975342.0,4975342.0,4975342.0,765722624.0
4976391.5,4976391.5,4976391.5,4976391.5,0.0
4976163.0,4976163.0,4976163.0,4976163.0,0.0
4975776.5,4975776.5,4975776.5,4975776.5,0.0
4977203.5,4977203.5,4977203.5,4977203.5,376176640.0
4972758.5,4972758.5,4972758.5,4972758.5,770179072.0
4967561.0,4967561.0,4967561.0,4967561.0,176947200.0
4967932.0,4967932.0,4967932.0,4967932.0,47448064.0
4966543.5,4966543.5,4966543.5,4966543.5,41418752.0
4964565.0,4964565.0,4964565.0,4964565.0,431751168.0
4963436.5,4963436.5,4963436.5,4963436.5,0.0
4962619.5,4962619.5,4962619.5,4962619.5,5567938560.0
4963690.5,4963690.5,4963690.5,4963690.5,545783808.0
4963813.5,4963813.5,4963813.5,4963813.5,716177408.0
4963358.5,4963358.5,4963358.5,4963358.5,0.0
4963297.5,4963297.5,4963297.5,4963297.5,689963008.0
4963812.5,4963812.5,4963812.5,4963812.5,1097334784.0
4963769.0,4963769.0,4963769.0,4963769.0,327942144.0
4962407.5,4962407.5,4962407.5,4962407.5,0.0
4963264.5,4963264.5,4963264.5,4963264.5,0.0
4960307.5,4960307.5,4960307.5,4960307.5,811335680.0
4952714.5,4952714.5,4952714.5,4952714.5,2455502848.0
4947642.0,4947642.0,4947642.0,4947642.0,1645215744.0
4939480.0,4939480.0,4939480.0,4939480.0,5659164672.0
4915493.5,4915493.5,4915493.5,4915493.5,27180400640.0
4917524.0,4917524.0,4917524.0,4917524.0,4078436352.0
4915385.0,4915385.0,4915385.0,4915385.0,3633053696.0
4911166.5,4911166.5,4911166.5,4911166.5,9035317248.0
4911792.5,4911792.5,4911792.5,4911792.5,3281780736.0
4909943.0,4909943.0,4909943.0,4909943.0,765198336.0
4905449.5,4905449.5,4905449.5,4905449.5,0.0
4907325.5,4907325.5,4907325.5,4907325.5,0.0
4907410.5,4907410.5,4907410.5,4907410.5,0.0
4910381.0,4910381.0,4910381.0,4910381.0,5034213376.0
4910496.0,4910496.0,4910496.0,4910496.0,60817408.0
4909772.0,4909772.0,4909772.0,4909772.0,0.0
4908772.0,4908772.0,4908772.0,4908772.0,0.0
4909616.0,4909616.0,4909616.0,4909616.0,3938975744.0
4910625.5,4910625.5,4910625.5,4910625.5,0.0
4910654.5,4910654.5,4910654.5,4910654.5,0.0
4908535.5,4908535.5,4908535.5,4908535.5,0.0
4905870.0,4905870.0,4905870.0,4905870.0,0.0
4898438.5,4898438.5,4898438.5,4898438.5,3195535360.0
4893324.0,4893324.0,4893324.0,4893324.0,0.0
4892503.5,4892503.5,4892503.5,4892503.5,0.0
4884669.5,4884669.5,4884669.5,4884669.5,0.0
4884935.5,4884935.5,4884935.5,4884935.5,34340864.0
4881663.0,4881663.0,4881663.0,4881663.0,195821568.0
4880766.0,4880766.0,4880766.0,4880766.0,4591452160.0
4883817.0,4883817.0,4883817.0,4883817.0,0.0
4881710.0,4881710.0,4881710.0,4881710.0,0.0
4881578.0,4881578.0,4881578.0,4881578.0,0.0
4880040.0,4880040.0,4880040.0,4880040.0,2213806080.0
4878494.0,4878494.0,4878494.0,4878494.0,0.0
4873233.0,4873233.0,4873233.0,4873233.0,3301703680.0
4870394.0,4870394.0,4870394.0,4870394.0,646709248.0
4867991.5,4867991.5,4867991.5,4867991.5,1955069952.0
4860520.0,4860520.0,4860520.0,4860520.0,6356205568.0
4859332.0,4859332.0,4859332.0,4859332.0,33030144.0
4861298.0,4861298.0,4861298.0,4861298.0,6289358848.0
4863026.5,4863026.5,4863026.5,4863026.5,928514048.0
4865319.5,4865319.5,4865319.5,4865319.5,245891072.0
4866867.5,4866867.5,4866867.5,4866867.5,0.0
4867858.5,4867858.5,4867858.5,4867858.5,10530848768.0
4868892.5,4868892.5,4868892.5,4868892.5,0.0
4872066.0,4872066.0,4872066.0,4872066.0,976224256.0
4875584.0,4875584.0,4875584.0,4875584.0,4432592896.0
4870578.5,4870578.5,4870578.5,4870578.5,8039432192.0
4867564.5,4867564.5,4867564.5,4867564.5,4456448.0
4863808.5,4863808.5,4863808.5,4863808.5,6938427392.0
4867274.5,4867274.5,4867274.5,4867274.5,6576930816.0
4866595.0,4866595.0,4866595.0,4866595.0,1468792832.0
4867480.5,4867480.5,4867480.5,4867480.5,481558528.0
4866526.5,4866526.5,4866526.5,4866526.5,0.0
4868097.0,4868097.0,4868097.0,4868097.0,1644691456.0
4866899.0,4866899.0,4866899.0,4866899.0,7637827584.0
4867894.0,4867894.0,4867894.0,4867894.0,1150287872.0
4867911.0,4867911.0,4867911.0,4867911.0,55312384.0
4872126.0,4872126.0,4872126.0,4872126.0,3160408064.0
4871525.5,4871525.5,4871525.5,4871525.5,450887680.0
4868929.0,4868929.0,4868929.0,4868929.0,162791424.0
4863755.0,4863755.0,4863755.0,4863755.0,0.0
4861026.0,4861026.0,4861026.0,4861026.0,1193541632.0
4860977.5,4860977.5,4860977.5,4860977.5,0.0
4856868.0,4856868.0,4856868.0,4856868.0,681836544.0
4856324.5,4856324.5,4856324.5,4856324.5,0.0
4854823.0,4854823.0,4854823.0,4854823.0,0.0
4850561.0,4850561.0,4850561.0,4850561.0,4025221120.0
4852396.0,4852396.0,4852396.0,4852396.0,0.0
4853212.0,4853212.0,4853212.0,4853212.0,2438463488.0
4852550.5,4852550.5,4852550.5,4852550.5,1209532416.0
4851247.0,4851247.0,4851247.0,4851247.0,499384320.0
4849997.5,4849997.5,4849997.5,4849997.5,0.0
4851474.5,4851474.5,4851474.5,4851474.5,0.0
4852707.5,4852707.5,4852707.5,4852707.5,131858432.0
4859162.5,4859162.5,4859162.5,4859162.5,5194907648.0
4859645.0,4859645.0,4859645.0,4859645.0,265027584.0
4858520.0,4858520.0,4858520.0,4858520.0,2003828736.0
4859150.0,4859150.0,4859150.0,4859150.0,964427776.0
4859065.0,4859065.0,4859065.0,4859065.0,2010906624.0
4859313.5,4859313.5,4859313.5,4859313.5,0.0
4857653.5,4857653.5,4857653.5,4857653.5,601358336.0
4855238.5,4855238.5,4855238.5,4855238.5,978059264.0
4853756.5,4853756.5,4853756.5,4853756.5,1625292800.0
4853210.5,4853210.5,4853210.5,4853210.5,230162432.0
4851032.5,4851032.5,4851032.5,4851032.5,1625292800.0
4848636.5,4848636.5,4848636.5,4848636.5,989855744.0
4840491.5,4840491.5,4840491.5,4840491.5,5240782848.0
4841102.0,4841102.0,4841102.0,4841102.0,338952192.0
4840328.5,4840328.5,4840328.5,4840328.5,351010816.0
4838012.0,4838012.0,4838012.0,4838012.0,0.0
4838117.0,4838117.0,4838117.0,4838117.0,58195968.0
4834002.5,4834002.5,4834002.5,4834002.5,0.0
4835082.5,4835082.5,4835082.5,4835082.5,1781006336.0
4828050.5,4828050.5,4828050.5,4828050.5,4183293952.0
4829827.0,4829827.0,4829827.0,4829827.0,242221056.0
4827815.5,4827815.5,4827815.5,4827815.5,0.0
4824770.0,4824770.0,4824770.0,4824770.0,0.0
4825471.0,4825471.0,4825471.0,4825471.0,0.0
4824479.5,4824479.5,4824479.5,4824479.5,4942725120.0
4825208.0,4825208.0,4825208.0,4825208.0,147849216.0
4827261.5,4827261.5,4827261.5,4827261.5,0.0
4830455.5,4830455.5,4830455.5,4830455.5,3688103936.0
4833165.5,4833165.5,4833165.5,4833165.5,1879834624.0
4832105.5,4832105.5,4832105.5,4832105.5,1266155520.0
4835213.5,4835213.5,4835213.5,4835213.5,0.0
4836734.0,4836734.0,4836734.0,4836734.0,654311424.0
4836288.5,4836288.5,4836288.5,4836288.5,0.0
